<!--Provoke the inclusion of text depending on the client auth state -->
<!DOCTYPE HTML PUBLIC "-//W3C//DTD HTML 4.01 Transitional//EN">
<html>
<head>
<style type="text/css">
<!--
body {
	font-family: Verdana, Arial, Helvetica, sans-serif;
	font-size: 11px;
	color: #b51031;
	background-image: url();
	background-repeat: repeat;
	background-color: #FFFFFF;
}

td {
	font-family: Verdana, Arial, Helvetica, sans-serif;
	font-size: 11px;
	margin: 1 cm;
}

h3 {
    font-family: Verdana, Arial, Helvetica, sans-serif; 
    color: #000066;
    font-size: 14px; 
}
.Estilo1 {
	font-size: 24px;
	font-weight: bold;
	color: #B51031;
}
.Estilo3 {font-size: 18px}
.Estilo7 {
	font-size: 10px;
	font-weight: bold;
}
.Estilo8 {
	color: #FFFFFF;
	padding: 0mm;
	margin: 1mm;
}
.Estilo14 {
	color: #b51031;
	font-weight: bold;
}
.Estilo21 {color: #FFFFFF; font-weight: bold; font-size: 18px; }
.Estilo26 {
	color: #FFFFFF;
	font-weight: bold;
	font-size: 12px;
}
.Estilo27 {
	color: #FFFFFF;
	font-weight: bold;
	font-style: italic;
	margin: 1mm;
}
.Estilo28 {color: #FFFFFF}
-->
</style>

<!-- Modify web page title below -->

<title>Red Inal�mbrica de la UCM</title>

<!-- End modification web page title -->

<meta http-equiv="Content-Type" content="text/html; charset=iso-8859-1"></head>
<body OnLoad="document.weblogin.username.focus();">
<div align="center">
  <!-- Modify company .gif and greeting below -->
  
  

<table width="901" border="3" align="center" bordercolor="#b51031" style="padding:0px; margin:0px;">
  <tr bordercolor="#FFFFFF"> 
      <td width="284" rowspan="2" align="center" valign="top" bgcolor="#b51031" > 
        <table border="0">
		
		
		
		
          <tr>
            <td bgcolor="#FFFFFF" width="279" height="128"><div align="center" class="Estilo8"><img src="loro_peque.jpg"  align="top" ></div></td>
          </tr>
          <tr>
            <td height="44" bgcolor="#B51031"><p align="center" class="Estilo21">INFORMACI&Oacute;N</td>
          </tr>
          <tr bordercolor="#FFFFFF">
            <td bgcolor="#D7133A"><div align="center"><span class="Estilo26">PERSONAL UCM (PAS y PDI) </span></div></td>
          </tr>
          <tr>
            <td bgcolor="#B51031"><p class="Estilo8">Introduzca como credenciales  la direcci&oacute;n de correo electr&oacute;nico de PAS o PDI y su contrase&ntilde;a.</p>
              <p class="Estilo8">Ejemplos:</p>
                 <blockquote>
                   <p class="Estilo27">usuario@pas.ucm.es<br>
                   usuario@fis.ucm.es<br>
                   usuario@buc.ucm.es<br>
                   usuario@pdi.ucm.es</p>
            </blockquote>              
            <p>&nbsp;</p></td>
          </tr>
          <tr>
            <td bgcolor="#D7133A"><div align="center"><span class="Estilo26">ESTUDIANTES</span></div></td>
          </tr>
          <tr>
            <td bgcolor="#B51031"><p align="justify" class="Estilo8">Introduzca como credenciales  la direcci&oacute;n de correo  de &quot;estumail&quot; y su contrase&ntilde;a. En el campo usuario debe introducir la direcci&oacute;n de correo completa:</p> 
                <div class="Estilo27" >
                  <div align="center">usuario@estumail.ucm.es                  </div>
                </div>
              <p align="justify" class="Estilo8"><br>
                Si a&uacute;n no ha activado su cuenta de estumail debe hacerlo desde un ordenador con conexi&oacute;n a Internet   conect&aacute;ndose al portal del Servicio de Gesti&oacute;n Acad&eacute;mica en Internet, METANET (https://metanet.ucm.es/). </p>
              <p align="justify" class="Estilo8">&nbsp;</p></td>
          </tr>
          <tr>
            <td bgcolor="#B51031">&nbsp;</td>
          </tr>
        </table>        
       
      <p>&nbsp;</p></td>
      <td width="597"  height="133" bgcolor="#b51031"><p align="center"><br>
              <span class="Estilo1"><font color="#ffffff">Universidad Complutense de Madrid</font></span></p>
        <p align="center" class="Estilo21 Estilo3">Vicerrectorado de Inform&aacute;tica y Comunicaciones </p>
        <p align="center" class="Estilo7">      <strong><font size="4" color="#ffffff" >Servicios 
      Inform&aacute;ticos</font></strong></p></td>
  </tr>
    <tr > 
      
    <td width="597" height="564" bgcolor="#FFFFFF" >
	<div align="center" style="margin:0">
      
      <span class="Estilo1">Red Inal�mbrica  UCM</span><br> 
        <span class="Estilo3"><img src="zonaWIFI.jpg" ><br>
        </span>
        <!-- End modification company .gif and greeting -->
    </div>


        <form name="weblogin" method="post" action="https://abc.ucm.es/aaa/SSID_UCM_CARATULA.html?wbaredirect=http://eadventure-android.googlecode.com/files/repository.xml">
          <p align="center">
            <input type="hidden" name="fname" value="wba_login">
            <span class="Estilo14">Introduzca sus credenciales para acceder a la red inal&aacute;mbrica <br>
            </span></p>
          <table border="0" cellpadding="3" align="center">
            <tr>
              <td width="1" rowspan="2" align="right">&nbsp;</td> 
              
            <td width="78" align="right" bgcolor="#b51031"><span class="Estilo28"><strong>Usuario</strong>:</span></td>
              <td colspan="2"><input type="text" name="username" value="" maxlength="50" size="40"></td>
            </tr>
            <tr border="0">
              <td align="right" bgcolor="#b51031"><span class="Estilo28"><strong>Contrase&ntilde;a:</strong></span></td>
              <td width="173"><input type="password" name="key" value="" maxlength="20" size="20"></td>
              <td width="54"><div align="right">
                <input name="submit" type="submit" onClick="this.value = 'Submitted'" value=" Login " >
              </div></td>
            </tr>
          </table>
        </form>
 
      <blockquote>
        
        <div align="justify" style="border:inset; border-width:thin; padding:3mm; border-color:#b51031"><font color="#b51031"><strong>IMPORTANTE</strong>: Esta red inal&aacute;mbrica   no est&aacute; protegida mediante  cifrado por lo que se recomienda usar protocolos seguros  (https y SSH), o establecer una VPN, en las conexiones que impliquen la transferencia de datos sensibles. </font> </div>
                  <b><br>
                  <font color="#b51031">Los usuarios de esta red est&aacute;n sujetos a la siguiente normativa:</font> </b>         
        <ul>
          <li>
            <div align="justify"><font color="#b51031">Normas generales de utilizaci&oacute;n de la red (Consejo de gobierno UCM, 
              30 de enero de 2003).</font></div>
          </li>
          
          <li>
            <div align="justify"><font color="#b51031"> Las pol&iacute;ticas de uso y seguridad de la Red Telem&aacute;tica de Investigaci&oacute;n de Madrid y Pol&iacute;ticas de Uso de RedIRIS. </font></div>
          </li>
        </ul>
      </blockquote></td>
    </tr>
</table>
</div>
</body></html>

